病例,数据组,模态,状态,影像路径,标签路径,第1轴体素数,第1轴间距_mm,第1轴覆盖_mm,第2轴体素数,第2轴间距_mm,第2轴覆盖_mm,第3轴体素数,第3轴间距_mm,第3轴覆盖_mm,原始存储类型,文件缩放斜率,文件缩放截距,方向代码,空间单位,影像最小值,影像最大值,抽样P1,抽样中位数,抽样P99,强度抽样数,影像非有限体素数,标签体素体积_ml,体积计算依据,问题,影像SHA256,标签SHA256
Case1001,A ct_train,CT,ok,D:\code_project\whole_heart\Wholeheart_Train_Dataset\A ct_train\Case1001_image.nii.gz,D:\code_project\whole_heart\Wholeheart_Train_Dataset\A ct_train\Case1001_label.nii.gz,512,0.35546875,182.0,512,0.35546875,182.0,363,0.44999998807907104,163.3499956727028,int16,1.0,-1024.0,LAS,mm,-1024.0,3071.0,-1024.0,-117.0,617.0,199913,0,5.6861112995647984e-05,首选空间矩阵行列式,,0ba6cebe05dbaed4a89821522c43830070a8841ecd9036fc972a8dda9a42e0c7,529547a4679e0b6e0441b38ae4418dcd1e4de6ca5d6efeac3795caee8988d15f
Case1002,A ct_train,CT,ok,D:\code_project\whole_heart\Wholeheart_Train_Dataset\A ct_train\Case1002_image.nii.gz,D:\code_project\whole_heart\Wholeheart_Train_Dataset\A ct_train\Case1002_label.nii.gz,512,0.4882810115814209,249.9998779296875,512,0.4882810115814209,249.9998779296875,239,0.625,149.375,int16,1.0,-1024.0,LAS,mm,-3024.0,1438.0,-3024.0,-858.0,520.0,199530,0,0.0001490114664193598,首选空间矩阵行列式,,64c701188dadc2597e344b8b7629b10fb31611e67ddca12d3565f8873c773dc8,fb4d43e692ddc59cf974c29549cd7d9def450885e50f0ce3841c2bd38e1cd145
Case1003,A ct_train,CT,ok,D:\code_project\whole_heart\Wholeheart_Train_Dataset\A ct_train\Case1003_image.nii.gz,D:\code_project\whole_heart\Wholeheart_Train_Dataset\A ct_train\Case1003_label.nii.gz,512,0.302734375,155.0,512,0.302734375,155.0,298,0.44999998807907104,134.09999644756317,int16,1.0,-1024.0,LAS,mm,-1024.0,3071.0,-1024.0,-119.0,527.0,199793,0,4.124164472045778e-05,首选空间矩阵行列式,,6fc73d087ed1c4e085f92994b0c3709aaee9b0aaed7c6254c81b00b76a9d23b3,1779cb39157d4a2eb8e38d89c40fa3845f0523ef645fcebfdf4c6cb9afb1f83c
Case1004,A ct_train,CT,ok,D:\code_project\whole_heart\Wholeheart_Train_Dataset\A ct_train\Case1004_image.nii.gz,D:\code_project\whole_heart\Wholeheart_Train_Dataset\A ct_train\Case1004_label.nii.gz,512,0.3203119933605194,163.99974060058594,512,0.3203119933605194,163.99974060058594,200,0.625,125.0,int16,1.0,-1024.0,LAS,mm,-3022.0,1398.0,-3022.0,-759.0,608.0,199350,0,6.412485818161838e-05,首选空间矩阵行列式,,12b426e83d63da8013bfdd957a10546c4233479a664515b47ffeaa39b5427a6d,46f29e3f960d6778558cb319d9aae22a4df0a1cee4b4869f09126b06204793c5
Case1005,A ct_train,CT,ok,D:\code_project\whole_heart\Wholeheart_Train_Dataset\A ct_train\Case1005_image.nii.gz,D:\code_project\whole_heart\Wholeheart_Train_Dataset\A ct_train\Case1005_label.nii.gz,512,0.4882810115814209,249.9998779296875,512,0.4882810115814209,249.9998779296875,177,0.625,110.625,int16,1.0,-1024.0,LAS,mm,-3022.0,1529.0,-3022.0,-776.0,468.0,199998,0,0.0001490114664193598,首选空间矩阵行列式,,36bb84a21d4e01b12d477b6837b22525bfa369e16bc9ac4a8a25d54fcae14a47,b9810037a04f76cd9729fd8b6b3d8cb98872bf697692f847dda7f5971ffbab63
Case1006,A ct_train,CT,ok,D:\code_project\whole_heart\Wholeheart_Train_Dataset\A ct_train\Case1006_image.nii.gz,D:\code_project\whole_heart\Wholeheart_Train_Dataset\A ct_train\Case1006_label.nii.gz,512,0.4882810115814209,249.9998779296875,512,0.4882810115814209,249.9998779296875,248,0.625,155.0,int16,1.0,-1024.0,LAS,mm,-3022.0,3006.0,-3022.0,-574.0,467.0,199423,0,0.0001490114664193598,首选空间矩阵行列式,,fb912f0daaa8342b1cb798e51903cfdc5ce7a15c988404d0e0532904c0e2f1ca,4eec6d333d6a0fc114e810e2fd28e03482e968420bf846ead9e81e421251c851
Case1007,A ct_train,CT,ok,D:\code_project\whole_heart\Wholeheart_Train_Dataset\A ct_train\Case1007_image.nii.gz,D:\code_project\whole_heart\Wholeheart_Train_Dataset\A ct_train\Case1007_label.nii.gz,512,0.43554699420928955,223.00006103515625,512,0.43554699420928955,223.00006103515625,243,0.625,151.875,int16,1.0,-1024.0,LAS,mm,-3022.0,1534.0,-3022.0,-101.0,497.10999999998603,199690,0,0.00011856324010296683,首选空间矩阵行列式,,3c0b7721d001f25185c6097851c988d4e4791b857f2146b67522dbaeef848926,242c25b94384c933fff850e89f8479d16950ae7b19f71ac7a66ec85f6003a5a8
Case1008,A ct_train,CT,ok,D:\code_project\whole_heart\Wholeheart_Train_Dataset\A ct_train\Case1008_image.nii.gz,D:\code_project\whole_heart\Wholeheart_Train_Dataset\A ct_train\Case1008_label.nii.gz,512,0.4375,224.0,512,0.4375,224.0,222,0.625,138.75,int16,1.0,-1024.0,LAS,mm,-3024.0,1663.0,-3024.0,-77.0,623.0,199987,0,0.00011962890624999998,首选空间矩阵行列式,,d4e69f45520246233857353f8f8a6dbf38c9d2aec7adb52a53c5780eaab55a30,251ed9d0644331f4bcbab8e834c53b874686fbbd7d7bd9db1c2bf5c1ebc8152a
Case1009,A ct_train,CT,ok,D:\code_project\whole_heart\Wholeheart_Train_Dataset\A ct_train\Case1009_image.nii.gz,D:\code_project\whole_heart\Wholeheart_Train_Dataset\A ct_train\Case1009_label.nii.gz,512,0.4882810115814209,249.9998779296875,512,0.4882810115814209,249.9998779296875,293,0.625,183.125,int16,1.0,-1024.0,LAS,mm,-3022.0,3120.0,-3022.0,-400.0,489.0,199502,0,0.0001490114664193598,首选空间矩阵行列式,,46e513658418a1256437a9931ba95ef55f15d6fba78f8cbf2c826a22b6fc4398,c234f0b1de4be9e8709c00b2ed701d401644bd3f0b2f8ac097e9a52367237ed5
Case1010,A ct_train,CT,ok,D:\code_project\whole_heart\Wholeheart_Train_Dataset\A ct_train\Case1010_image.nii.gz,D:\code_project\whole_heart\Wholeheart_Train_Dataset\A ct_train\Case1010_label.nii.gz,512,0.5058590173721313,258.99981689453125,512,0.5058590173721313,258.99981689453125,274,0.625,171.25,int16,1.0,-1024.0,LAS,mm,-3022.0,2855.0,-3022.0,-724.0,507.0,199521,0,0.00015993334091043642,首选空间矩阵行列式,,73879d4a49397858d4dee29181e46f4f6e2ac04c6ba4a062c54b02f4ce946fff,ebf1c1563be6fbeeb7c84adf30523e782c3764756079101ef31ffb5a8d489783
Case1011,A ct_train,CT,ok,D:\code_project\whole_heart\Wholeheart_Train_Dataset\A ct_train\Case1011_image.nii.gz,D:\code_project\whole_heart\Wholeheart_Train_Dataset\A ct_train\Case1011_label.nii.gz,512,0.38867199420928955,199.00006103515625,512,0.38867199420928955,199.00006103515625,239,0.625,149.375,int16,1.0,-1024.0,LAS,mm,-3022.0,2530.0,-3022.0,-787.0,530.0,199530,0,9.441619942664124e-05,首选空间矩阵行列式,,2ecf48250041360c712bb2520d5a6720364c328cafd7d3cb18c3507878dc3006,1f87edb83bba14030bc81141298b1dbee1f5b6c6c33e47d7c8a260a5619493cd
Case1012,A ct_train,CT,ok,D:\code_project\whole_heart\Wholeheart_Train_Dataset\A ct_train\Case1012_image.nii.gz,D:\code_project\whole_heart\Wholeheart_Train_Dataset\A ct_train\Case1012_label.nii.gz,512,0.4882810115814209,249.9998779296875,512,0.4882810115814209,249.9998779296875,177,0.625,110.625,int16,1.0,-1024.0,LAS,mm,-3022.0,1468.0,-3022.0,-775.0,472.0,199998,0,0.0001490114664193598,首选空间矩阵行列式,,2d0b07a6aa2b6785789a9cdb9bd3546a94f75c330783dff3184eb7e4f5060cd5,b47b6b9b2a51eb8932fa84f99be3d6215c7c9e2c909f3827c3537b090d807fc4
Case1013,A ct_train,CT,ok,D:\code_project\whole_heart\Wholeheart_Train_Dataset\A ct_train\Case1013_image.nii.gz,D:\code_project\whole_heart\Wholeheart_Train_Dataset\A ct_train\Case1013_label.nii.gz,512,0.43945300579071045,224.99993896484375,512,0.43945300579071045,224.99993896484375,211,0.625,131.875,int16,1.0,-1024.0,LAS,mm,-3022.0,1500.0,-3022.0,-757.0,411.0,199684,0,0.00012069934018655638,首选空间矩阵行列式,,e7c62def69685a6aafd5a4143f7f4c8d85bdb7f8ecb8516317dd8a87cc0f7682,25aaec5b927256b8cfb10e3d4b3a963a90eb4d6dd144d385ea986587b8acf888
Case1014,A ct_train,CT,ok,D:\code_project\whole_heart\Wholeheart_Train_Dataset\A ct_train\Case1014_image.nii.gz,D:\code_project\whole_heart\Wholeheart_Train_Dataset\A ct_train\Case1014_label.nii.gz,512,0.28125,144.0,512,0.28125,144.0,358,0.44999998807907104,161.09999573230743,int16,1.0,-1024.0,LAS,mm,-1024.0,2483.0,-1024.0,-841.0,522.0,199676,0,3.559570218203589e-05,首选空间矩阵行列式,,1d4e1805a3ee52c2338b966b0dbd3758a20c2c8d11561b78d819de6ecb12434c,cc16737aab0532af56e3434aa64e8166f0968d08a9b17e2f45f1c695965e9306
Case1015,A ct_train,CT,ok,D:\code_project\whole_heart\Wholeheart_Train_Dataset\A ct_train\Case1015_image.nii.gz,D:\code_project\whole_heart\Wholeheart_Train_Dataset\A ct_train\Case1015_label.nii.gz,512,0.5644530057907104,288.99993896484375,512,0.5644530057907104,288.99993896484375,300,0.625,187.5,int16,1.0,-1024.0,LAS,mm,-3024.0,2216.0,-3024.0,-860.0,483.0,199603,0,0.0001991294973413549,首选空间矩阵行列式,,a116e6f53ec2225eeec758277d85cc7ce996e4978459cfe612c81987861b92de,c3628ca1977da1e4227976529106dca1c3d229dc0b3330a2f8ad0d3cb5b04f66
Case1016,A ct_train,CT,ok,D:\code_project\whole_heart\Wholeheart_Train_Dataset\A ct_train\Case1016_image.nii.gz,D:\code_project\whole_heart\Wholeheart_Train_Dataset\A ct_train\Case1016_label.nii.gz,512,0.306640625,157.0,512,0.306640625,157.0,333,0.44999998807907104,149.84999603033066,int16,1.0,-1024.0,LAS,mm,-1024.0,3071.0,-1024.0,-128.0,600.0,199758,0,4.231281168426904e-05,首选空间矩阵行列式,,710a919dea882a9befa0bb906fe013406553a3cc3c17224e9fe59321fab025ee,e30b3fa32586f84447c54044660937ea55a5c655cd34a86dead22e20ccf5eee9
Case1017,A ct_train,CT,ok,D:\code_project\whole_heart\Wholeheart_Train_Dataset\A ct_train\Case1017_image.nii.gz,D:\code_project\whole_heart\Wholeheart_Train_Dataset\A ct_train\Case1017_label.nii.gz,512,0.5859379768371582,300.000244140625,512,0.5859379768371582,300.000244140625,283,0.625,176.875,int16,1.0,-1024.0,LAS,mm,-3024.0,1358.0,-3024.0,-653.0,468.0,199965,0,0.0002145770704375138,首选空间矩阵行列式,,9b80a639b46c15eeac07f0be85433e2b2b1b0fab5ff07b3e72ae35a29ea8bacb,02882e78949d1050f8ae7afe4bbbe7ae4542e8cdd93d5eb9ac3593d21f6bff8a
Case1018,A ct_train,CT,ok,D:\code_project\whole_heart\Wholeheart_Train_Dataset\A ct_train\Case1018_image.nii.gz,D:\code_project\whole_heart\Wholeheart_Train_Dataset\A ct_train\Case1018_label.nii.gz,512,0.36523398756980896,186.9998016357422,512,0.36523398756980896,186.9998016357422,187,0.625,116.875,int16,1.0,-1024.0,LAS,mm,-3022.0,1503.0,-3022.0,-80.0,575.0,199273,0,8.33724160475896e-05,首选空间矩阵行列式,,a77f0319d0b59416bcf9a045776809049fc949c830b214746f5e01617bf7c76e,f750a833df211a0f99dd7ffb37eb73493a6c72c8bd21a29817d6df9594da567d
Case1019,A ct_train,CT,ok,D:\code_project\whole_heart\Wholeheart_Train_Dataset\A ct_train\Case1019_image.nii.gz,D:\code_project\whole_heart\Wholeheart_Train_Dataset\A ct_train\Case1019_label.nii.gz,512,0.4882810115814209,249.9998779296875,512,0.4882810115814209,249.9998779296875,297,0.625,185.625,int16,1.0,-1024.0,LAS,mm,-3022.0,3136.0,-3022.0,-775.0,497.0,199633,0,0.0001490114664193598,首选空间矩阵行列式,,1a59918f2e738b75259a1f7d4e7efa5470841d661a5f01884f2a5227c715b6b2,32e410d91a34f52bb43f7af31f81497e4460b90d8ecaaa55caed1dcbd363aee7
Case1020,A ct_train,CT,ok,D:\code_project\whole_heart\Wholeheart_Train_Dataset\A ct_train\Case1020_image.nii.gz,D:\code_project\whole_heart\Wholeheart_Train_Dataset\A ct_train\Case1020_label.nii.gz,512,0.35546875,182.0,512,0.35546875,182.0,363,0.44999998807907104,163.3499956727028,int16,1.0,-1024.0,LAS,mm,-1024.0,3071.0,-1024.0,-111.0,617.0,199913,0,5.6861112995647984e-05,首选空间矩阵行列式,,d77ed6fbfed6f2a18a4c597f7626af640a90a88e8c3f7a38ce4a9268753047dd,df1d539ae79e0a0b307cb96f27a883dd97192f0217c5f072bfe32583b42075ec
Case2001,B ct_train,CT,ok,D:\code_project\whole_heart\Wholeheart_Train_Dataset\B ct_train\Case2001_image.nii.gz,D:\code_project\whole_heart\Wholeheart_Train_Dataset\B ct_train\Case2001_label.nii.gz,170,1.0,170.0,170,1.0,170.0,120,1.0,120.0,float32,1.0,0.0,LAS,mm,-1024.0,3071.0,-1020.5982165527344,-67.97232055664062,1051.3091992187494,192667,0,0.001,首选空间矩阵行列式,,3715c89e456cfca124ed05c17cdbd0cf874dc2c785cb43bb3e5abf7dee72d229,59ad65b2bf7c8559d0e4f2533270d4c6a75716daa6ca72a015564a168efee7ef
Case2002,B ct_train,CT,ok,D:\code_project\whole_heart\Wholeheart_Train_Dataset\B ct_train\Case2002_image.nii.gz,D:\code_project\whole_heart\Wholeheart_Train_Dataset\B ct_train\Case2002_label.nii.gz,184,1.0,184.0,184,1.0,184.0,144,1.0,144.0,float32,1.0,0.0,LAS,mm,-1024.0,3071.0,-1012.7546508789062,-130.83175659179688,957.3523803710937,195011,0,0.001,首选空间矩阵行列式,,bbaa3752dfd28bd76cf21d9449a18a3ac700d0d25081a908703103577f253318,f80e2e2f6c46d3b5c4d1c2df7551a5ad3e8516c0b76f39191aae53fb1211cb17
Case2003,B ct_train,CT,ok,D:\code_project\whole_heart\Wholeheart_Train_Dataset\B ct_train\Case2003_image.nii.gz,D:\code_project\whole_heart\Wholeheart_Train_Dataset\B ct_train\Case2003_label.nii.gz,167,1.0,167.0,167,1.0,167.0,143,1.0,143.0,float32,1.0,0.0,LAS,mm,-1024.0,3071.0,-1008.3601831054688,-79.42841339111328,753.1693261718751,199407,0,0.001,首选空间矩阵行列式,,9d6a8816431604c76f8f756e10ee854f4de05e8479c2b0b12bc522fe3600a7a1,dea8d833a43950db0237ca8b64f74b347f51353ca277a2afac4b3941c9b15b88
Case2004,B ct_train,CT,ok,D:\code_project\whole_heart\Wholeheart_Train_Dataset\B ct_train\Case2004_image.nii.gz,D:\code_project\whole_heart\Wholeheart_Train_Dataset\B ct_train\Case2004_label.nii.gz,223,1.0,223.0,223,1.0,223.0,164,1.0,164.0,float32,1.0,0.0,LAS,mm,-1024.0,3071.0,-1021.3168182373047,-48.71881675720215,592.439697265625,198916,0,0.001,首选空间矩阵行列式,,fc48d1016682b94165fa941284b1d870dbdaeb8263d0c5f884a2685ffd08e7cc,f64e947289a2d31bb774a096c4091d33d3bdb51efff47e3334af3fab87079ac5
Case2005,B ct_train,CT,ok,D:\code_project\whole_heart\Wholeheart_Train_Dataset\B ct_train\Case2005_image.nii.gz,D:\code_project\whole_heart\Wholeheart_Train_Dataset\B ct_train\Case2005_label.nii.gz,192,1.0,192.0,192,1.0,192.0,176,1.0,176.0,float32,1.0,0.0,LAS,mm,-1024.0,3071.0,-1018.3333129882812,-151.0,918.0,196608,0,0.001,首选空间矩阵行列式,,49a792f6317240e437e86fe64aeb837d2133650c06125821322bd2c19408172b,40ef7704dec040892489bd8a48244d25980a11408ba9212cc51e3f244b833e04
Case2006,B ct_train,CT,ok,D:\code_project\whole_heart\Wholeheart_Train_Dataset\B ct_train\Case2006_image.nii.gz,D:\code_project\whole_heart\Wholeheart_Train_Dataset\B ct_train\Case2006_label.nii.gz,175,1.0,175.0,175,1.0,175.0,138,1.0,138.0,float32,1.0,0.0,LAS,mm,-1024.0,3071.0,-1019.4056921386718,-118.74468231201172,766.1872497558597,192103,0,0.001,首选空间矩阵行列式,,ab0cdd0e5da02bbd7f4537f94de7f0488abedb0af83b617ec919189ee334a058,5c556c80d5b5b3fca36675c55b6bd764ea4fbde8593c1c70a869188c3f36a946
Case2007,B ct_train,CT,ok,D:\code_project\whole_heart\Wholeheart_Train_Dataset\B ct_train\Case2007_image.nii.gz,D:\code_project\whole_heart\Wholeheart_Train_Dataset\B ct_train\Case2007_label.nii.gz,187,1.0,187.0,187,1.0,187.0,129,1.0,129.0,float32,1.0,0.0,LAS,mm,-1023.943359375,1761.823486328125,-904.1236450195313,-74.07200622558594,591.8976135253931,196131,0,0.001,首选空间矩阵行列式,,04947a9ccd4b254eb2876d8ddac9705ad4220977b6663010f02bc476c51424f5,e8785169798cfbad3cb144c5808eea8d8a1a71517ba39d73e9ab53a85e7abf8a
Case2008,B ct_train,CT,ok,D:\code_project\whole_heart\Wholeheart_Train_Dataset\B ct_train\Case2008_image.nii.gz,D:\code_project\whole_heart\Wholeheart_Train_Dataset\B ct_train\Case2008_label.nii.gz,211,1.0,211.0,211,1.0,211.0,160,1.0,160.0,float32,1.0,0.0,LAS,mm,-1000.0,1735.537841796875,-1000.0,-32.54601287841797,702.072947998047,197872,0,0.001,首选空间矩阵行列式,,c791567a744261b13dd9fb2eab713e4cd98b4499e5759feed75819c986598162,a05e9d1b0a96bb19603db7f8a5383671c77087bac47c8354295c5ca2cf1e563e
Case2009,B ct_train,CT,ok,D:\code_project\whole_heart\Wholeheart_Train_Dataset\B ct_train\Case2009_image.nii.gz,D:\code_project\whole_heart\Wholeheart_Train_Dataset\B ct_train\Case2009_label.nii.gz,180,1.0,180.0,180,1.0,180.0,136,1.0,136.0,float32,1.0,0.0,无效,mm,-1023.9165649414062,3071.0,-1014.5443725585938,-22.212194442749023,759.4490039062493,191583,0,0.001,首选空间矩阵行列式,影像首选空间矩阵无效/奇异；不自动修复,1b4591b9df3aca66f0044a79e1007969d528b8d7648cb490359168b0a9b6888b,b22547ee53bb8985dfde208ea6c35ad44d59fe499886622d9a933c9a0e40c6ef
Case2010,B ct_train,CT,ok,D:\code_project\whole_heart\Wholeheart_Train_Dataset\B ct_train\Case2010_image.nii.gz,D:\code_project\whole_heart\Wholeheart_Train_Dataset\B ct_train\Case2010_label.nii.gz,181,1.0,181.0,148,1.0,148.0,121,1.0,121.0,float32,1.0,0.0,LAS,mm,-1023.60693359375,1439.205078125,-833.8835467529296,24.738317489624023,448.10243164062456,190668,0,0.001,首选空间矩阵行列式,,de42cbbd25581214b2d48de3202507e4c86f244f49d14e1ce4369b85aaeea203,ffd38bd439e6d913e21af8c13535da99038517012e1c67e3ca5ef94ebc158975
Case2011,B ct_train,CT,ok,D:\code_project\whole_heart\Wholeheart_Train_Dataset\B ct_train\Case2011_image.nii.gz,D:\code_project\whole_heart\Wholeheart_Train_Dataset\B ct_train\Case2011_label.nii.gz,168,1.0,168.0,168,1.0,168.0,131,1.0,131.0,float32,1.0,0.0,LAS,mm,-1024.0,3071.0,-1017.6463775634766,-756.2301635742188,1245.4285888671875,194598,0,0.001,首选空间矩阵行列式,,834cfa8c4b0e46e8468547b572ac0f2a336b760f3bcf20d6c8ba1180a65d66f4,17fb009bb3bbc29a3bb7b3b4bf0341140184e8a2a61d6b005475153c36c41b4c
Case2012,B ct_train,CT,ok,D:\code_project\whole_heart\Wholeheart_Train_Dataset\B ct_train\Case2012_image.nii.gz,D:\code_project\whole_heart\Wholeheart_Train_Dataset\B ct_train\Case2012_label.nii.gz,250,1.0,250.0,250,1.0,250.0,160,1.0,160.0,float32,1.0,0.0,LAS,mm,-1000.0,1559.545166015625,-1000.0,-280.45237731933594,702.7761169433595,200000,0,0.001,首选空间矩阵行列式,,6a9f44ff3903e0b6c38a69f5016993396357894250b167fdf267f6ecaf2d760e,41f568181ae2ae0fd63cbb93090456bca1ead5a70cad679a5d5e75e8740e95ea
Case2013,B ct_train,CT,ok,D:\code_project\whole_heart\Wholeheart_Train_Dataset\B ct_train\Case2013_image.nii.gz,D:\code_project\whole_heart\Wholeheart_Train_Dataset\B ct_train\Case2013_label.nii.gz,221,1.0,221.0,221,1.0,221.0,145,1.0,145.0,float32,1.0,0.0,LAS,mm,-1024.0,2247.109130859375,-1002.4483764648437,-56.501956939697266,660.8758666992168,196721,0,0.001,首选空间矩阵行列式,,44a8410a94350ad42d6842a033bae3ac0f4fd57da7eb430a6a60d1baf6487657,4ff3dda616898456b4bcd32cc87f609fea114f2cc275f2af2ff4721a75a4a5d1
Case2014,B ct_train,CT,ok,D:\code_project\whole_heart\Wholeheart_Train_Dataset\B ct_train\Case2014_image.nii.gz,D:\code_project\whole_heart\Wholeheart_Train_Dataset\B ct_train\Case2014_label.nii.gz,175,1.0,175.0,175,1.0,175.0,138,1.0,138.0,float32,1.0,0.0,LAS,mm,-1024.0,3071.0,-1019.7892419433593,-121.35951232910156,785.7025390625051,192103,0,0.001,首选空间矩阵行列式,,5c309ad4726579d6b5914ced5b460854fb22335d6a6c7e445025f68188f2d05d,b3973cb0a82843e20f9315f9095f5343c15f106c7afcd1fba63a8d8e0c18972c
Case2015,B ct_train,CT,ok,D:\code_project\whole_heart\Wholeheart_Train_Dataset\B ct_train\Case2015_image.nii.gz,D:\code_project\whole_heart\Wholeheart_Train_Dataset\B ct_train\Case2015_label.nii.gz,224,1.0,224.0,224,1.0,224.0,164,1.0,164.0,float32,1.0,0.0,LAS,mm,-1024.0,3071.0,-1024.0,35.0,971.8214111328125,195926,0,0.001,首选空间矩阵行列式,,3aaf5219b5b9057afc48d5edbc1a7ec33c2d4e734908e626272c26086a980693,ad9e4f2f90de2930a785f150da3d93ec7f3621ed6db764857df23034989b8f69
Case2016,B ct_train,CT,ok,D:\code_project\whole_heart\Wholeheart_Train_Dataset\B ct_train\Case2016_image.nii.gz,D:\code_project\whole_heart\Wholeheart_Train_Dataset\B ct_train\Case2016_label.nii.gz,194,1.0,194.0,194,1.0,194.0,145,1.0,145.0,float32,1.0,0.0,LAS,mm,-1024.0,3071.0,-1017.4005737304688,-92.27792358398438,955.353515625,194901,0,0.001,首选空间矩阵行列式,,3fae5216b3466a74e9847fd7cc1cd6b511ba0c568426592028d6fb84fe839d2d,bdf17d542874d9c5ced236517fd1cfe1a8ee51f908a94fa979165c7034e7eb22
Case2017,B ct_train,CT,ok,D:\code_project\whole_heart\Wholeheart_Train_Dataset\B ct_train\Case2017_image.nii.gz,D:\code_project\whole_heart\Wholeheart_Train_Dataset\B ct_train\Case2017_label.nii.gz,180,1.0,180.0,180,1.0,180.0,136,1.0,136.0,float32,1.0,0.0,无效,mm,-1023.8228759765625,3071.0,-1013.513427734375,-21.74358367919922,767.3985595703125,191583,0,0.001,首选空间矩阵行列式,影像首选空间矩阵无效/奇异；不自动修复,27537d0468d324f2ab26f5e0d671558309e2c9f14ff84babccd25816723062b7,26e481661679292849f853186a6d668ba90f7d2cefdd2ac710bf6db7cc93c330
Case2018,B ct_train,CT,ok,D:\code_project\whole_heart\Wholeheart_Train_Dataset\B ct_train\Case2018_image.nii.gz,D:\code_project\whole_heart\Wholeheart_Train_Dataset\B ct_train\Case2018_label.nii.gz,192,1.0,192.0,192,1.0,192.0,176,1.0,176.0,float32,1.0,0.0,LAS,mm,-1024.0,3071.0,-1018.0,-149.0,915.0,196608,0,0.001,首选空间矩阵行列式,,f573a5a91242cfc73f6b3303c9d65432c742f63645c83b597eeca472f8ca4227,5085699621e3287dec6fc8d229a404fa3764e0da3e042b4e7bfce5731bc8ec8b
Case2019,B ct_train,CT,ok,D:\code_project\whole_heart\Wholeheart_Train_Dataset\B ct_train\Case2019_image.nii.gz,D:\code_project\whole_heart\Wholeheart_Train_Dataset\B ct_train\Case2019_label.nii.gz,173,1.0,173.0,173,1.0,173.0,119,1.0,119.0,float32,1.0,0.0,LAS,mm,-1023.7291259765625,3071.0,-977.149169921875,-67.011474609375,525.7823486328125,197864,0,0.001,首选空间矩阵行列式,,a7b25f0b095c1451862e0ac8fbf1f6e60658c9686eb3ef6912bdabfa8baa4a0c,7195e0116dfad8b6e617898f6c7bdd7bb0948a9b321a9afcc684bc82c82ddcd2
Case2020,B ct_train,CT,ok,D:\code_project\whole_heart\Wholeheart_Train_Dataset\B ct_train\Case2020_image.nii.gz,D:\code_project\whole_heart\Wholeheart_Train_Dataset\B ct_train\Case2020_label.nii.gz,167,1.0,167.0,167,1.0,167.0,143,1.0,143.0,float32,1.0,0.0,LAS,mm,-1024.0,3071.0,-1009.0843664550781,-73.41016387939453,762.7587170410156,199407,0,0.001,首选空间矩阵行列式,,65ef0fde787a3725c0bf836b70b4ee85ea43f56b88ce06e2c8c9f30e6d43b097,d930a0c775539aaebc9ee45cf5c2fa2b32f10e689a34b46a308ad1ce59017814
Case3001,C and D mr_train,MRI,ok,D:\code_project\whole_heart\Wholeheart_Train_Dataset\C and D mr_train\Case3001_image.nii.gz,D:\code_project\whole_heart\Wholeheart_Train_Dataset\C and D mr_train\Case3001_label.nii.gz,512,0.78125,400.0,512,0.78125,400.0,160,1.600000023841858,256.00000381469727,int16,1.0,0.0,LSP,mm,0.0,4095.0,1.0,112.0,1385.0,199729,0,0.0009765625145519152,首选空间矩阵行列式,,1ca0b1c5fa3cfb749338def137eb5e89007f9d843401dde7fb66e81fbeef79ae,596041fa57835970901a254113ddea46780827949cc66320c25459e2fac2aa17
Case3002,C and D mr_train,MRI,ok,D:\code_project\whole_heart\Wholeheart_Train_Dataset\C and D mr_train\Case3002_image.nii.gz,D:\code_project\whole_heart\Wholeheart_Train_Dataset\C and D mr_train\Case3002_label.nii.gz,512,0.78125,400.0,512,0.78125,400.0,128,1.600000023841858,204.8000030517578,int16,1.0,0.0,LSP,mm,0.0,4095.0,0.0,174.0,1769.7200000000012,199729,0,0.0009765625145519152,首选空间矩阵行列式,,f9e61ba153e8b2464d509345c005bad972b9358c6e3d79e4ebe668adcf1779df,db038a7d6439c2304d3b3ac32b45e3e3b656809f535d6f96962afd1be60d1d9e
Case3003,C and D mr_train,MRI,ok,D:\code_project\whole_heart\Wholeheart_Train_Dataset\C and D mr_train\Case3003_image.nii.gz,D:\code_project\whole_heart\Wholeheart_Train_Dataset\C and D mr_train\Case3003_label.nii.gz,288,1.0,288.0,288,1.0,288.0,160,1.0499999523162842,167.99999237060547,int16,1.0,0.0,PSR,mm,0.0,1705.0,0.0,93.0,1108.0,198076,0,0.0010499999523162842,首选空间矩阵行列式,,353ccc096eaaf9bc00a94c0158f31d489b0f467ca3d5772c1987fdbd3479f498,d4784da94ace7fa35c9cb5ceeec691c27dfb4fa8f4ac03a2708303adf561e600
Case3004,C and D mr_train,MRI,ok,D:\code_project\whole_heart\Wholeheart_Train_Dataset\C and D mr_train\Case3004_image.nii.gz,D:\code_project\whole_heart\Wholeheart_Train_Dataset\C and D mr_train\Case3004_label.nii.gz,288,0.9722222089767456,279.99999618530273,288,0.9722222089767456,279.99999618530273,120,1.0499999523162842,125.9999942779541,int16,1.0,0.0,PSR,mm,0.0,1510.0,0.0,40.0,640.0,199066,0,0.0009924767797375917,首选空间矩阵行列式,,356c4ff5686627023dc277ea87e6e4dd9c5f63b46521156dcec0a8b510bea6cb,2b970d9e31a6dea80265ea0f12a4d77bacd2d907a42a3b13f0e4663901e66cb8
Case3005,C and D mr_train,MRI,ok,D:\code_project\whole_heart\Wholeheart_Train_Dataset\C and D mr_train\Case3005_image.nii.gz,D:\code_project\whole_heart\Wholeheart_Train_Dataset\C and D mr_train\Case3005_label.nii.gz,288,1.0,288.0,288,1.0,288.0,130,1.0499999523162842,136.49999380111694,int16,1.0,0.0,PSR,mm,0.0,2057.0,0.0,33.0,1103.0,199680,0,0.0010499999523162842,首选空间矩阵行列式,,d6e537ba321c3052a97c832253ab9533a3449375a439b4cc84f8f167c9518a9e,fa916a2160e36f67133ba350fa27e3df8d4909831d754056ad0292b7a1f0c09e
Case3006,C and D mr_train,MRI,ok,D:\code_project\whole_heart\Wholeheart_Train_Dataset\C and D mr_train\Case3006_image.nii.gz,D:\code_project\whole_heart\Wholeheart_Train_Dataset\C and D mr_train\Case3006_label.nii.gz,256,1.2109375,310.0,256,1.2109375,310.0,160,0.8999999761581421,143.99999618530273,int16,1.0,0.0,PSR,mm,0.0,1343.0,0.0,19.0,729.5599999999977,197845,0,0.0013197326310546488,首选空间矩阵行列式,,5cdbea8f43936e02bc3760419c38be83eaf6cc4adbbcd8dac73ee71eb62d2483,14424dfb03b50e2aafc21025406f63e476878c6df67ba876f1a0ea60a0edfca5
Case3007,C and D mr_train,MRI,ok,D:\code_project\whole_heart\Wholeheart_Train_Dataset\C and D mr_train\Case3007_image.nii.gz,D:\code_project\whole_heart\Wholeheart_Train_Dataset\C and D mr_train\Case3007_label.nii.gz,288,1.0,288.0,288,1.0,288.0,180,1.0499999523162842,188.99999141693115,int16,1.0,0.0,PSR,mm,0.0,1512.0,0.0,110.0,1053.0,199066,0,0.0010499999523162842,首选空间矩阵行列式,,8d223f47b764e29d4589a504a42a49d8b1b489d474904442beba1b97f6210c99,36690bc0a1e244d9e3227236b05db760da81f1e725b536ca2b4279cc6f81b18f
Case3008,C and D mr_train,MRI,ok,D:\code_project\whole_heart\Wholeheart_Train_Dataset\C and D mr_train\Case3008_image.nii.gz,D:\code_project\whole_heart\Wholeheart_Train_Dataset\C and D mr_train\Case3008_label.nii.gz,288,1.0,288.0,288,1.0,288.0,130,1.0499999523162842,136.49999380111694,int16,1.0,0.0,PSR,mm,0.0,1637.0,0.0,126.0,989.0,199680,0,0.0010499999523162842,首选空间矩阵行列式,,82b927bbb3b28d8b2737024cbe0fe04a3786e75f3404bb2a5d859084ddb701ea,efb8baaabbabad4232af3554202a78731070facaa5bb146884112f666c2bddaa
Case3009,C and D mr_train,MRI,ok,D:\code_project\whole_heart\Wholeheart_Train_Dataset\C and D mr_train\Case3009_image.nii.gz,D:\code_project\whole_heart\Wholeheart_Train_Dataset\C and D mr_train\Case3009_label.nii.gz,512,0.78125,400.0,512,0.78125,400.0,120,1.600000023841858,192.00000286102295,int16,1.0,0.0,LSP,mm,0.0,4095.0,2.0,187.0,1690.0,199097,0,0.0009765625145519152,首选空间矩阵行列式,,abff58457859b94fb64b15e31cec7a6bf823dfc9d85ee62399b02da89bdfa03c,7a9e4d071cb7adf17c5cf3e4f8fd91d7053705ba90a273c2a371e054e65569c2
Case3010,C and D mr_train,MRI,ok,D:\code_project\whole_heart\Wholeheart_Train_Dataset\C and D mr_train\Case3010_image.nii.gz,D:\code_project\whole_heart\Wholeheart_Train_Dataset\C and D mr_train\Case3010_label.nii.gz,288,0.9722222089767456,279.99999618530273,288,0.9722222089767456,279.99999618530273,160,1.0499999523162842,167.99999237060547,int16,1.0,0.0,PSR,mm,0.0,1908.0,0.0,96.0,1109.0,198076,0,0.0009924767797375917,首选空间矩阵行列式,非官方取值：421 (8284 体素),7e8c813f0677998288c1236f53d3f381f46fbc6f9186b73bc71f8449f0abb632,183086e3e45ff49c01bb0d7ade712c899d7b876d7dc1c1c087597e75f7940cdd
Case3011,C and D mr_train,MRI,ok,D:\code_project\whole_heart\Wholeheart_Train_Dataset\C and D mr_train\Case3011_image.nii.gz,D:\code_project\whole_heart\Wholeheart_Train_Dataset\C and D mr_train\Case3011_label.nii.gz,288,1.1111111640930176,320.00001525878906,288,1.1111111640930176,320.00001525878906,160,0.8999999761581421,143.99999618530273,int16,1.0,0.0,PSR,mm,0.0,1349.0,0.0,77.0,825.0,198076,0,0.0011111111876405313,首选空间矩阵行列式,,12deadd0d04c43829483adfe8f58a48ca7248e1e341f8b416d23a04d3ad5c21c,30ea963f1462c4d935f445394366ca50ad71993b4c9df2a16467aa3fc441d0d1
Case3012,C and D mr_train,MRI,ok,D:\code_project\whole_heart\Wholeheart_Train_Dataset\C and D mr_train\Case3012_image.nii.gz,D:\code_project\whole_heart\Wholeheart_Train_Dataset\C and D mr_train\Case3012_label.nii.gz,512,0.78125,400.0,512,0.78125,400.0,128,1.600000023841858,204.8000030517578,int16,1.0,0.0,LSP,mm,0.0,4095.0,0.0,135.0,1546.0,199729,0,0.0009765625145519152,首选空间矩阵行列式,,cbfdc6f4a7a7a61f57dac947a6185be2ae183b8c58b437d8d49412876aa7eedc,9347f5825ebc477f0d0c949c935395d54ff35c71f5a3df102a8d412977cd0352
Case3013,C and D mr_train,MRI,ok,D:\code_project\whole_heart\Wholeheart_Train_Dataset\C and D mr_train\Case3013_image.nii.gz,D:\code_project\whole_heart\Wholeheart_Train_Dataset\C and D mr_train\Case3013_label.nii.gz,512,0.78125,400.0,512,0.78125,400.0,112,1.600000023841858,179.2000026702881,int16,1.0,0.0,LSP,mm,0.0,4095.0,3.0,162.0,1548.0,199729,0,0.0009765625145519152,首选空间矩阵行列式,,ba822b30e9f3b3d80f17b737211f8e0e128311fadd8e4f32edfc952f488cc459,40d9d0e4b4051b52ce9ac50f203ae70fc54d5c208370837064e53fb0569e2ba0
Case3014,C and D mr_train,MRI,ok,D:\code_project\whole_heart\Wholeheart_Train_Dataset\C and D mr_train\Case3014_image.nii.gz,D:\code_project\whole_heart\Wholeheart_Train_Dataset\C and D mr_train\Case3014_label.nii.gz,512,0.78125,400.0,512,0.78125,400.0,160,1.600000023841858,256.00000381469727,int16,1.0,0.0,LSP,mm,0.0,4095.0,3.0,162.0,2301.0,199729,0,0.0009765625145519152,首选空间矩阵行列式,,e29751893e4d4b628c2de96685b24b7c0227d837eb4eed61d9744905b0eaf6f2,31e280e0f842c623749ab18d14d4013c94d732d08562be84229ebcbac0e9f2a4
Case3015,C and D mr_train,MRI,ok,D:\code_project\whole_heart\Wholeheart_Train_Dataset\C and D mr_train\Case3015_image.nii.gz,D:\code_project\whole_heart\Wholeheart_Train_Dataset\C and D mr_train\Case3015_label.nii.gz,340,1.0,340.0,340,1.0,340.0,200,1.0,200.0,int16,1.0,0.0,PSR,mm,0.0,1293.0,0.0,21.0,522.0,199311,0,0.001,首选空间矩阵行列式,,18cfd8b519b408cdff161197f9f6d86cefadefe9dec4d7ac48ecdd737f595297,2c957b025cae01c623eae7514e00b05bb791f07a993e20eb60485837c0b810e5
Case3016,C and D mr_train,MRI,ok,D:\code_project\whole_heart\Wholeheart_Train_Dataset\C and D mr_train\Case3016_image.nii.gz,D:\code_project\whole_heart\Wholeheart_Train_Dataset\C and D mr_train\Case3016_label.nii.gz,288,0.9722222089767456,279.99999618530273,288,0.9722222089767456,279.99999618530273,130,1.0499999523162842,136.49999380111694,int16,1.0,0.0,PSR,mm,0.0,2078.0,0.0,47.0,835.0,199680,0,0.0009924767797375917,首选空间矩阵行列式,,6197e6cfe16ca70cf1f8e15cfc3b059342f657eb506b8b05117167982d504c50,e4233051297148dff8903a8e75a6846687a732e1de68c0917dc1be65246e7375
Case3017,C and D mr_train,MRI,ok,D:\code_project\whole_heart\Wholeheart_Train_Dataset\C and D mr_train\Case3017_image.nii.gz,D:\code_project\whole_heart\Wholeheart_Train_Dataset\C and D mr_train\Case3017_label.nii.gz,288,0.9722222089767456,279.99999618530273,288,0.9722222089767456,279.99999618530273,140,1.0499999523162842,146.99999332427979,int16,1.0,0.0,PSR,mm,0.0,2215.0,0.0,40.0,863.0,196817,0,0.0009924767797375917,首选空间矩阵行列式,,0abe5d2ab0d568e21325db1c69599d4a5c1b6b666d0be392bef96e0201be805c,5766cfe9d430733deb13daa007602fef6217648a184949b7e8b75c09e9c26875
Case3018,C and D mr_train,MRI,ok,D:\code_project\whole_heart\Wholeheart_Train_Dataset\C and D mr_train\Case3018_image.nii.gz,D:\code_project\whole_heart\Wholeheart_Train_Dataset\C and D mr_train\Case3018_label.nii.gz,288,0.9722222089767456,279.99999618530273,288,0.9722222089767456,279.99999618530273,150,1.0499999523162842,157.49999284744263,int16,1.0,0.0,PSR,mm,0.0,1487.0,0.0,79.0,1003.0,197486,0,0.0009924767797375917,首选空间矩阵行列式,,6d118f5a7529c7ab5d4a75329c358a53a7270b971b3761bc4dc264cce488f9ff,e28f048ca1f35bd313857f311e86c10432aaca0f0513f69a773f034d27ac387d
Case3019,C and D mr_train,MRI,ok,D:\code_project\whole_heart\Wholeheart_Train_Dataset\C and D mr_train\Case3019_image.nii.gz,D:\code_project\whole_heart\Wholeheart_Train_Dataset\C and D mr_train\Case3019_label.nii.gz,288,0.9722222089767456,279.99999618530273,288,0.9722222089767456,279.99999618530273,135,1.0499999523162842,141.74999356269836,int16,1.0,0.0,PSR,mm,0.0,2186.0,0.0,121.0,1123.0,199955,0,0.0009924767797375917,首选空间矩阵行列式,,7ffdc67c3d32d28db65fa5cd53e06d00cd40a95c65ebf862383ce304d82bdfd2,47d903f538770fb38f381dd9ad2d160f6e6d79a326ba0a3b4bc0e5f67645cdb6
Case3020,C and D mr_train,MRI,ok,D:\code_project\whole_heart\Wholeheart_Train_Dataset\C and D mr_train\Case3020_image.nii.gz,D:\code_project\whole_heart\Wholeheart_Train_Dataset\C and D mr_train\Case3020_label.nii.gz,288,0.9722222089767456,279.99999618530273,288,0.9722222089767456,279.99999618530273,135,1.0499999523162842,141.74999356269836,int16,1.0,0.0,PSR,mm,0.0,1759.0,0.0,64.0,858.0,199955,0,0.0009924767797375917,首选空间矩阵行列式,,e93a79488249166011bf9460bb356bafc6944f1b0bf60ecb6e8b338bd8a0483d,b30b956455f6d0cf061c988fbe54530bbef2aa53aefc79e63ab919f20658ca7e
Case5001,E mr_train,MRI,ok,D:\code_project\whole_heart\Wholeheart_Train_Dataset\E mr_train\Case5001_image.nii.gz,D:\code_project\whole_heart\Wholeheart_Train_Dataset\E mr_train\Case5001_label.nii.gz,384,0.8854166865348816,340.00000762939453,384,0.8854166865348816,340.00000762939453,160,1.0,160.0,int16,1.0,0.0,PSR,mm,0.0,2337.0,0.0,28.0,957.0,199941,0,0.0007839627087944087,首选空间矩阵行列式,,e015fb0b117394d831d8e6060aa9194b855150f32fa4753df43493eda5ef372e,39343bd101686be224f1cca1f2008052bdc640b37ddf41daf1d1ab8f2123b604
Case5002,E mr_train,MRI,ok,D:\code_project\whole_heart\Wholeheart_Train_Dataset\E mr_train\Case5002_image.nii.gz,D:\code_project\whole_heart\Wholeheart_Train_Dataset\E mr_train\Case5002_label.nii.gz,384,0.8854166865348816,340.00000762939453,384,0.8854166865348816,340.00000762939453,170,1.0,170.0,int16,1.0,0.0,PSR,mm,0.0,1385.0,0.0,38.0,738.0,198949,0,0.0007839627087944087,首选空间矩阵行列式,,0b95841155e583092c1f796b48fa3ab0e5559d728a736e11041430cf5ebeb057,a15ebc665b15e3119f2239a1d6336326d5c4de75250439c83f9cb043e6bbae67
Case5003,E mr_train,MRI,ok,D:\code_project\whole_heart\Wholeheart_Train_Dataset\E mr_train\Case5003_image.nii.gz,D:\code_project\whole_heart\Wholeheart_Train_Dataset\E mr_train\Case5003_label.nii.gz,384,0.8854166865348816,340.00000762939453,384,0.8854166865348816,340.00000762939453,190,1.0,190.0,int16,1.0,0.0,PSR,mm,0.0,2755.0,0.0,49.0,947.0,198700,0,0.0007839627087944087,首选空间矩阵行列式,,a1a139582d43a65bebb337ff0c0701d4dda10dadde7da71b27454bb02a6743ed,ef7cd44c712968413e387133f62df9a7b012fbf60c1f265bf67cbf448f494a11
Case5004,E mr_train,MRI,ok,D:\code_project\whole_heart\Wholeheart_Train_Dataset\E mr_train\Case5004_image.nii.gz,D:\code_project\whole_heart\Wholeheart_Train_Dataset\E mr_train\Case5004_label.nii.gz,384,0.8854166865348816,340.00000762939453,384,0.8854166865348816,340.00000762939453,155,1.0,155.0,int16,1.0,0.0,PSR,mm,0.0,1638.0,0.0,63.0,710.0,198746,0,0.0007839627087944087,首选空间矩阵行列式,,eb9113e3282667d4bda7c9bbfdc7e84d9b52edba72259435160f190da15dc83f,32e35c1b53fb069e7c146ee602d0e66391de2a25a2ef722ed339fd1eae9ed8a2
Case5005,E mr_train,MRI,ok,D:\code_project\whole_heart\Wholeheart_Train_Dataset\E mr_train\Case5005_image.nii.gz,D:\code_project\whole_heart\Wholeheart_Train_Dataset\E mr_train\Case5005_label.nii.gz,384,0.8854166865348816,340.00000762939453,384,0.8854166865348816,340.00000762939453,155,1.0,155.0,int16,1.0,0.0,PSR,mm,0.0,2097.0,0.0,58.0,811.0,198746,0,0.0007839627087944087,首选空间矩阵行列式,,14e2943efe167928b20b9ce8f2cb3a647c2ca38ac081d662528400ddd84061da,c8c75ebe5faacff029ded701c83b8eb4036ce3abdb9dd339e21af93c2cbf6219
Case5006,E mr_train,MRI,ok,D:\code_project\whole_heart\Wholeheart_Train_Dataset\E mr_train\Case5006_image.nii.gz,D:\code_project\whole_heart\Wholeheart_Train_Dataset\E mr_train\Case5006_label.nii.gz,384,0.8854166865348816,340.00000762939453,384,0.8854166865348816,340.00000762939453,228,0.75,171.0,float32,1.0,0.0,PSR,mm,0.0,2813.388916015625,0.0,103.39340209960938,1642.050537109375,198935,0,0.0005879720315958066,首选空间矩阵行列式,"image_sha256 完全相同的文件：['E mr_train/Case5006', 'E mr_train/Case5015']；实验划分时需避免同一影像跨集合；对应标签文件哈希不同（可能为标注或文件头差异），请核实",011e3b77ded9975af24d0c5a89812ed8eab3710375fbbcc41b33d5fd5901f3fd,3ac1a3d357298f22e5e38b94aa65ecec5ab94da4a1b3e50dff3df59437917b83
Case5007,E mr_train,MRI,ok,D:\code_project\whole_heart\Wholeheart_Train_Dataset\E mr_train\Case5007_image.nii.gz,D:\code_project\whole_heart\Wholeheart_Train_Dataset\E mr_train\Case5007_label.nii.gz,384,0.8854166865348816,340.00000762939453,384,0.8854166865348816,340.00000762939453,180,1.0,180.0,int16,1.0,0.0,PSR,mm,0.0,1897.0,0.0,106.0,888.0,199565,0,0.0007839627087944087,首选空间矩阵行列式,,7a5bf64a5ddddafb1dfe6e52ae2be807b59edae9951ecd5e7c84ceb7652fefbe,ec504768ccd104197d3b6e482291b4b59598fbce5fa534a200744bb1f1b2e721
Case5008,E mr_train,MRI,ok,D:\code_project\whole_heart\Wholeheart_Train_Dataset\E mr_train\Case5008_image.nii.gz,D:\code_project\whole_heart\Wholeheart_Train_Dataset\E mr_train\Case5008_label.nii.gz,320,1.1805555820465088,377.7777862548828,320,1.1805555820465088,377.7777862548828,55,3.0,165.0,int16,1.0,0.0,PSR,mm,0.0,1839.0,0.0,32.0,785.0,194207,0,0.004181134446903515,首选空间矩阵行列式,,fa55d4dc9fb6eaddfca6156876f386c3ffe92568a69759be3f60dd1466cc9456,13f284b8ca1b22dea00831be17616eceb71f6cb4ee2a53fe796c293601561641
Case5009,E mr_train,MRI,ok,D:\code_project\whole_heart\Wholeheart_Train_Dataset\E mr_train\Case5009_image.nii.gz,D:\code_project\whole_heart\Wholeheart_Train_Dataset\E mr_train\Case5009_label.nii.gz,288,1.1805555820465088,340.00000762939453,288,1.1805555820465088,340.00000762939453,55,3.0,165.0,int16,1.0,0.0,PSR,mm,0.0,1940.0,0.0,91.0,993.0,198345,0,0.004181134446903515,首选空间矩阵行列式,,1fac040c74d3f0ba90938413ef43f4b01d196665b1dcffc2a741ec9235b2578d,4b8e06b3ad0de12d4eea5ed57789d7ae213d4563366681aacccf018135902763
Case5010,E mr_train,MRI,ok,D:\code_project\whole_heart\Wholeheart_Train_Dataset\E mr_train\Case5010_image.nii.gz,D:\code_project\whole_heart\Wholeheart_Train_Dataset\E mr_train\Case5010_label.nii.gz,240,1.2083333730697632,290.00000953674316,240,1.2083333730697632,290.00000953674316,50,3.0,150.0,int16,1.0,0.0,PSR,mm,0.0,1704.0,0.0,142.0,952.0,192000,0,0.004380208621422455,首选空间矩阵行列式,,68bb15568486d6106810ae558c31d6f1ffd8cc08c5ccf56d26d2701c23c1830b,0920b4881686cfdd04d104ef440bbfe2210441a3424796fef1aaf673afd174a0
Case5011,E mr_train,MRI,ok,D:\code_project\whole_heart\Wholeheart_Train_Dataset\E mr_train\Case5011_image.nii.gz,D:\code_project\whole_heart\Wholeheart_Train_Dataset\E mr_train\Case5011_label.nii.gz,240,1.2083333730697632,290.00000953674316,240,1.2083333730697632,290.00000953674316,60,3.0,180.0,int16,1.0,0.0,PSR,mm,0.0,1708.0,0.0,80.0,747.0,192000,0,0.004380208621422455,首选空间矩阵行列式,,5220746b21342de9592248242a9175d327a0ca9890587a0e26937f70af452833,a7f8cc10f7d5e926d3e68f4b675f15b2842e33d1343034d3ce3ef0354a2a5474
Case5012,E mr_train,MRI,ok,D:\code_project\whole_heart\Wholeheart_Train_Dataset\E mr_train\Case5012_image.nii.gz,D:\code_project\whole_heart\Wholeheart_Train_Dataset\E mr_train\Case5012_label.nii.gz,384,0.8854166865348816,340.00000762939453,384,0.8854166865348816,340.00000762939453,228,0.75,171.0,float32,1.0,0.0,PSR,mm,0.0,2907.4140625,0.0,230.24029541015625,1549.5003662109375,198935,0,0.0005879720315958066,首选空间矩阵行列式,,28247765e1bdbf282e1ca7804e332d76ecffd99701b43e77867ee7de7b74a2e3,525ef317868637f3ad930431334d7b5e7340d9563332f51ee977379cf780eda8
Case5013,E mr_train,MRI,ok,D:\code_project\whole_heart\Wholeheart_Train_Dataset\E mr_train\Case5013_image.nii.gz,D:\code_project\whole_heart\Wholeheart_Train_Dataset\E mr_train\Case5013_label.nii.gz,288,1.1567164659500122,333.1343421936035,288,1.1567164659500122,333.1343421936035,190,0.8999999761581421,170.999995470047,int16,1.0,0.0,PSR,mm,0.0,2079.0,0.0,67.0,427.0,199486,0,0.0012041936524396586,首选空间矩阵行列式,,e46f399ccb3da100bbd1d1f15f7e0307aec25406dfbfd7ac0cb6839fb63337ae,1a937b7519113d5018985fc159ebf05de7c5988e4b3a1db7b52825e06bbbd007
Case5014,E mr_train,MRI,ok,D:\code_project\whole_heart\Wholeheart_Train_Dataset\E mr_train\Case5014_image.nii.gz,D:\code_project\whole_heart\Wholeheart_Train_Dataset\E mr_train\Case5014_label.nii.gz,384,0.8854166865348816,340.00000762939453,384,0.8854166865348816,340.00000762939453,200,1.0,200.0,float32,1.0,0.0,PSR,mm,0.0,4045.33349609375,0.0,68.72380828857422,1636.876220703125,199265,0,0.0007839627087944087,首选空间矩阵行列式,,863d40a7b94729badcdc1e0ec6401b34f82209ce2d458b0afb29992e836b96bc,e5317f24bce9d9c1a254634c8274bdfe8e719add687e46b88b1f897407dd86bb
Case5015,E mr_train,MRI,ok,D:\code_project\whole_heart\Wholeheart_Train_Dataset\E mr_train\Case5015_image.nii.gz,D:\code_project\whole_heart\Wholeheart_Train_Dataset\E mr_train\Case5015_label.nii.gz,384,0.8854166865348816,340.00000762939453,384,0.8854166865348816,340.00000762939453,228,0.75,171.0,float32,1.0,0.0,PSR,mm,0.0,2813.388916015625,0.0,103.39340209960938,1642.050537109375,198935,0,0.0005879720315958066,首选空间矩阵行列式,"image_sha256 完全相同的文件：['E mr_train/Case5006', 'E mr_train/Case5015']；实验划分时需避免同一影像跨集合；对应标签文件哈希不同（可能为标注或文件头差异），请核实",011e3b77ded9975af24d0c5a89812ed8eab3710375fbbcc41b33d5fd5901f3fd,f9a5a6ca01ae42ea7a3b12313ab3954c918b2e9d1a46bafee234e9db7bedc907
Case5016,E mr_train,MRI,ok,D:\code_project\whole_heart\Wholeheart_Train_Dataset\E mr_train\Case5016_image.nii.gz,D:\code_project\whole_heart\Wholeheart_Train_Dataset\E mr_train\Case5016_label.nii.gz,384,0.8854166865348816,340.00000762939453,384,0.8854166865348816,340.00000762939453,165,1.0,165.0,float32,1.0,0.0,PSR,mm,0.0,2608.56298828125,0.0,70.1069564819336,1426.96875,199429,0,0.0007839627087944087,首选空间矩阵行列式,,bd3e334cddf5b3bb7e7b7149c52f9eeac31b5b6fbced2b8667d4fc9b08dad5ca,dd8b1034507d6393ac2b954b8888fd692f48b7c32492f6015a81ce42e0b94e3d
Case5017,E mr_train,MRI,ok,D:\code_project\whole_heart\Wholeheart_Train_Dataset\E mr_train\Case5017_image.nii.gz,D:\code_project\whole_heart\Wholeheart_Train_Dataset\E mr_train\Case5017_label.nii.gz,384,0.8854166865348816,340.00000762939453,384,0.8854166865348816,340.00000762939453,160,1.0,160.0,float32,1.0,0.0,PSR,mm,0.0,3016.359619140625,0.0,121.42710876464844,1575.792724609375,199941,0,0.0007839627087944087,首选空间矩阵行列式,,cc229369dd1d415988795de3acb9f9e1288384743ecfd0734ce4db3d522748a4,72ddc5497fe069a2ac8e037f6f233ce5293fa00ee9ac55ff76041ac10b60cd60
Case5018,E mr_train,MRI,ok,D:\code_project\whole_heart\Wholeheart_Train_Dataset\E mr_train\Case5018_image.nii.gz,D:\code_project\whole_heart\Wholeheart_Train_Dataset\E mr_train\Case5018_label.nii.gz,384,0.8854166865348816,340.00000762939453,384,0.8854166865348816,340.00000762939453,180,1.0,180.0,float32,1.0,0.0,PSR,mm,0.0,3049.052734375,0.0,132.8241729736328,1390.226318359375,199565,0,0.0007839627087944087,首选空间矩阵行列式,,74ab7375b58b6b87cbb0af8355263947907426a6c644ab0b2ee989af767f8325,24347ef205aa89d923fd491e730c6c1791db65db66a0ebe4000776f01cd6beaf
Case5019,E mr_train,MRI,ok,D:\code_project\whole_heart\Wholeheart_Train_Dataset\E mr_train\Case5019_image.nii.gz,D:\code_project\whole_heart\Wholeheart_Train_Dataset\E mr_train\Case5019_label.nii.gz,384,0.8854166865348816,340.00000762939453,384,0.8854166865348816,340.00000762939453,180,1.0,180.0,float32,1.0,0.0,PSR,mm,0.0,3824.6240234375,0.0,69.96263122558594,1510.6746826171875,199565,0,0.0007839627087944087,首选空间矩阵行列式,,234ad17761b1b757bbd7adea3938f49e40fb13bbdf7ca54285406d27eac1865b,5107541bdc29998676d061c33eef29128a0c5666f888b6c0d3d1b1641c14308d
Case5020,E mr_train,MRI,ok,D:\code_project\whole_heart\Wholeheart_Train_Dataset\E mr_train\Case5020_image.nii.gz,D:\code_project\whole_heart\Wholeheart_Train_Dataset\E mr_train\Case5020_label.nii.gz,384,0.8854166865348816,340.00000762939453,384,0.8854166865348816,340.00000762939453,170,1.0,170.0,float32,1.0,0.0,PSR,mm,0.0,3031.753662109375,0.0,82.21025085449219,1193.05126953125,198949,0,0.0007839627087944087,首选空间矩阵行列式,,b6969507293ca6deb3087b9413d14d50964be7b654b94291b8458bc60514b288,5a4e9491ee2ca0dc58a353c2933cda8c3e1ba2e9d272bbddb4bbbafc31be1845
Case5021,E mr_train,MRI,ok,D:\code_project\whole_heart\Wholeheart_Train_Dataset\E mr_train\Case5021_image.nii.gz,D:\code_project\whole_heart\Wholeheart_Train_Dataset\E mr_train\Case5021_label.nii.gz,384,0.8854166865348816,340.00000762939453,384,0.8854166865348816,340.00000762939453,160,1.0,160.0,float32,1.0,0.0,PSR,mm,0.0,3929.010498046875,0.0,60.9621467590332,1505.7650146484375,199941,0,0.0007839627087944087,首选空间矩阵行列式,,d7572793e2c8b2304cb8d412bc4ee84e57db400205e8937290238d80e384b169,927a22f039d287319421e15dfc03623202a1c486234e477f96149b9fd7eb0fc9
Case5022,E mr_train,MRI,ok,D:\code_project\whole_heart\Wholeheart_Train_Dataset\E mr_train\Case5022_image.nii.gz,D:\code_project\whole_heart\Wholeheart_Train_Dataset\E mr_train\Case5022_label.nii.gz,384,0.8854166865348816,340.00000762939453,384,0.8854166865348816,340.00000762939453,180,1.0,180.0,float32,1.0,0.0,PSR,mm,0.0,3530.31640625,0.0,83.24615478515625,1637.7406005859375,199565,0,0.0007839627087944087,首选空间矩阵行列式,,fd91cc37358928410f8c9ba09c80b3b29ec6e049e39dbb5ab3fac7f465de14f9,f6d60073a579890e34542942b551f9f103f33602eb8df8fd33ab432ef772478c
Case5023,E mr_train,MRI,ok,D:\code_project\whole_heart\Wholeheart_Train_Dataset\E mr_train\Case5023_image.nii.gz,D:\code_project\whole_heart\Wholeheart_Train_Dataset\E mr_train\Case5023_label.nii.gz,384,0.8854166865348816,340.00000762939453,384,0.8854166865348816,340.00000762939453,165,1.0,165.0,float32,1.0,0.0,PSR,mm,0.0,3399.15185546875,0.0,56.61758041381836,1444.7967529296875,199429,0,0.0007839627087944087,首选空间矩阵行列式,,4eb265d1e4a6366f97f4addadaa555337c25c6f65e380c94c44603db5d002563,a430605ce43434e7b204c308391fd26180004807bac63d6d2fd5c6b21a96d275
Case5024,E mr_train,MRI,ok,D:\code_project\whole_heart\Wholeheart_Train_Dataset\E mr_train\Case5024_image.nii.gz,D:\code_project\whole_heart\Wholeheart_Train_Dataset\E mr_train\Case5024_label.nii.gz,384,0.8854166865348816,340.00000762939453,384,0.8854166865348816,340.00000762939453,150,1.0,150.0,int16,1.0,0.0,PSR,mm,0.0,1696.0,0.0,50.0,950.0,199265,0,0.0007839627087944087,首选空间矩阵行列式,,6e4a068081211d44927469a9d36355987086000d08c66ced3e0e35d513389723,9d263348bd35058da38a310ce6ea27d55315a8f967ae5ff59f1ac646ac68f191
Case5025,E mr_train,MRI,ok,D:\code_project\whole_heart\Wholeheart_Train_Dataset\E mr_train\Case5025_image.nii.gz,D:\code_project\whole_heart\Wholeheart_Train_Dataset\E mr_train\Case5025_label.nii.gz,384,0.8854166865348816,340.00000762939453,384,0.8854166865348816,340.00000762939453,190,1.0,190.0,int16,1.0,0.0,PSR,mm,0.0,2152.0,0.0,55.0,1067.0,198700,0,0.0007839627087944087,首选空间矩阵行列式,,f72f24631db51384ce4c27332998199d51945115dee35dc931258ea454efb954,153fac88932038598e2cdca99bf2c96d3eefc944f1cc35fe848983301725aa99
Case5026,E mr_train,MRI,ok,D:\code_project\whole_heart\Wholeheart_Train_Dataset\E mr_train\Case5026_image.nii.gz,D:\code_project\whole_heart\Wholeheart_Train_Dataset\E mr_train\Case5026_label.nii.gz,384,0.8854166865348816,340.00000762939453,384,0.8854166865348816,340.00000762939453,228,0.75,171.0,int16,1.0,0.0,PSR,mm,0.0,1498.0,0.0,78.0,789.0,198935,0,0.0005879720315958066,首选空间矩阵行列式,,c6247b012b9152b00bfb59d161d192a2965ce4026af48f8431b9411b36524350,bcba3c53cff0f89273b969626737a988f23263d9dfefbf4bd45c6669ea2f1771
Case7001,G ct_train,CT,ok,D:\code_project\whole_heart\Wholeheart_Train_Dataset\G ct_train\Case7001_image.nii.gz,D:\code_project\whole_heart\Wholeheart_Train_Dataset\G ct_train\Case7001_label.nii.gz,512,0.40234375,206.0,512,0.40234375,206.0,370,0.5,185.0,int16,1.0,0.0,LPS,mm,-1024.0,3071.0,-1021.0,-71.0,1050.0,199987,0,8.094024658203125e-05,首选空间矩阵行列式,,2167a2007d64bbf72f6f39d0d6e9bbbc9c657ad4f8d0cb859d9349680ca63f9b,7f443c2fb215d93813577284ddaceaea6ccb196246321e5859d6cba7767f2a04
Case7002,G ct_train,CT,ok,D:\code_project\whole_heart\Wholeheart_Train_Dataset\G ct_train\Case7002_image.nii.gz,D:\code_project\whole_heart\Wholeheart_Train_Dataset\G ct_train\Case7002_label.nii.gz,512,0.345703125,177.0,512,0.345703125,177.0,275,0.5,137.5,int16,1.0,0.0,LPS,mm,-1024.0,3071.0,-1007.0,-47.0,1011.0,199695,0,5.975532531738281e-05,首选空间矩阵行列式,,d83dfd956c747acbb5407d7c379f31bdd006b47f321787421025b6e26929e3a3,d021dbac4622497e551cfe6f2bd4c863b757c3e3b4788dc3a59ee7770541e17a
Case7003,G ct_train,CT,ok,D:\code_project\whole_heart\Wholeheart_Train_Dataset\G ct_train\Case7003_image.nii.gz,D:\code_project\whole_heart\Wholeheart_Train_Dataset\G ct_train\Case7003_label.nii.gz,512,0.44140625,226.0,512,0.44140625,226.0,269,0.5,134.5,int16,1.0,0.0,LPS,mm,-1024.0,3071.0,-1017.0,-58.0,708.0,199765,0,9.741973876953124e-05,首选空间矩阵行列式,,5df5b319ec8dd92569705f30f04ceb9bdc947207872aee776aacf4d0a40fb5de,b4c04595ce590193fa84f9973fd2bbbf131d6e48a845bc01856cbbf7bb99338e
Case7004,G ct_train,CT,ok,D:\code_project\whole_heart\Wholeheart_Train_Dataset\G ct_train\Case7004_image.nii.gz,D:\code_project\whole_heart\Wholeheart_Train_Dataset\G ct_train\Case7004_label.nii.gz,512,0.412109375,211.0,512,0.412109375,211.0,306,0.5,153.0,int16,1.0,0.0,LPS,mm,-1024.0,3071.0,-1007.0,-45.0,982.0,199543,0,8.491706848144531e-05,首选空间矩阵行列式,,0f10b2b6546d4a3e3d5f0d67e14f57c51904dc3b82481acefea17dfeb2c0f6b7,028595965edcca19c6afd211f139a3430a409a885d00290c1980e793b4e8806c
Case7005,G ct_train,CT,ok,D:\code_project\whole_heart\Wholeheart_Train_Dataset\G ct_train\Case7005_image.nii.gz,D:\code_project\whole_heart\Wholeheart_Train_Dataset\G ct_train\Case7005_label.nii.gz,512,0.369140625,189.0,512,0.369140625,189.0,267,0.5,133.5,int16,1.0,0.0,LPS,mm,-1024.0,3071.0,-1011.0,-35.0,885.0,199979,0,6.81324005126953e-05,首选空间矩阵行列式,,0e0e731d1667e3458077c7bfcf96486a65b726db16ada11f6271ef8584afd972,17dbf782ae89d69fa2acf64d4c78af713888809d51e6812d9fdbc2b3d47ae146
Case7006,G ct_train,CT,ok,D:\code_project\whole_heart\Wholeheart_Train_Dataset\G ct_train\Case7006_image.nii.gz,D:\code_project\whole_heart\Wholeheart_Train_Dataset\G ct_train\Case7006_label.nii.gz,512,0.390625,200.0,512,0.390625,200.0,265,0.5,132.5,int16,1.0,0.0,LPS,mm,-1024.0,3071.0,-1021.0,-134.0,742.0,199622,0,7.629394531249999e-05,首选空间矩阵行列式,,1ff41c03675b367f52d6158aef8c429bc1096c22111fe06bd79b1b1397769b16,e1b38eb7c6062f6e77a0d7d397c4dce4bd2e1f0bf397651bc376cd81f0dfd13e
Case7007,G ct_train,CT,ok,D:\code_project\whole_heart\Wholeheart_Train_Dataset\G ct_train\Case7007_image.nii.gz,D:\code_project\whole_heart\Wholeheart_Train_Dataset\G ct_train\Case7007_label.nii.gz,512,0.322265625,165.0,512,0.322265625,165.0,231,0.5,115.5,int16,1.0,0.0,LPS,mm,-1024.0,3071.0,-1003.0,10.0,905.4800000000105,199853,0,5.192756652832031e-05,首选空间矩阵行列式,,f6b91ea96112deeeaa5e010c2761e47706d948203d91b6d3fb036f5280c9037f,9c89c53fb60df1608f1986aba53990c983fb989f326b77c1dba8ca8360a3271b
Case7008,G ct_train,CT,ok,D:\code_project\whole_heart\Wholeheart_Train_Dataset\G ct_train\Case7008_image.nii.gz,D:\code_project\whole_heart\Wholeheart_Train_Dataset\G ct_train\Case7008_label.nii.gz,512,0.478515625,245.0,512,0.478515625,245.0,271,0.5,135.5,int16,1.0,0.0,LPS,mm,-1024.0,3071.0,-1021.0,-106.0,1149.0,199554,0,0.00011448860168457032,首选空间矩阵行列式,,1a6e3a28279215585c693aed031343d1a985216ef86a59605dc48ddf8fcd984a,f25a67206ea87214d6a121fb89f6c71a3a9e7dd6e1896c6056d589c364a90a68
Case7009,G ct_train,CT,ok,D:\code_project\whole_heart\Wholeheart_Train_Dataset\G ct_train\Case7009_image.nii.gz,D:\code_project\whole_heart\Wholeheart_Train_Dataset\G ct_train\Case7009_label.nii.gz,512,0.302734375,155.0,512,0.302734375,155.0,247,0.5,123.5,int16,1.0,0.0,LPS,mm,-1024.0,3071.0,-857.0,-80.0,734.0,199845,0,4.582405090332031e-05,首选空间矩阵行列式,,7b9634d629477aca8405cad7229fba5ea95fb2da7bbc66947adb4787655e1fd8,d66464d271bd0d948512998ce215bf500ee021b276e414f6cd289362cfcd6585
Case7010,G ct_train,CT,ok,D:\code_project\whole_heart\Wholeheart_Train_Dataset\G ct_train\Case7010_image.nii.gz,D:\code_project\whole_heart\Wholeheart_Train_Dataset\G ct_train\Case7010_label.nii.gz,512,0.37109375,190.0,512,0.37109375,190.0,265,0.5,132.5,int16,1.0,0.0,LPS,mm,-1024.0,3071.0,-1004.0,-114.0,810.0,199622,0,6.885528564453127e-05,首选空间矩阵行列式,,0aaac17f7a111f6051feec3fba876aabc1d05c34d4f9169aa3219fba6b401a8d,8a5b5938d529eb4282d7bba0f8048bbdd3e62adf853b7690ab6e1f50a3d97fa5
Case7011,G ct_train,CT,ok,D:\code_project\whole_heart\Wholeheart_Train_Dataset\G ct_train\Case7011_image.nii.gz,D:\code_project\whole_heart\Wholeheart_Train_Dataset\G ct_train\Case7011_label.nii.gz,512,0.337890625,173.0,512,0.337890625,173.0,245,0.5,122.5,int16,1.0,0.0,LPS,mm,-1024.0,3071.0,-1004.0,-88.0,785.0,199458,0,5.70850372314453e-05,首选空间矩阵行列式,,be4d246a12608c2eb3ac87676168de10ae545956af6ffa17e3911ea43ff0af83,c6f8310171dfe66b234e8388701949de08cfc5101c91a5f8e92c5f7187e10cd1
Case7012,G ct_train,CT,ok,D:\code_project\whole_heart\Wholeheart_Train_Dataset\G ct_train\Case7012_image.nii.gz,D:\code_project\whole_heart\Wholeheart_Train_Dataset\G ct_train\Case7012_label.nii.gz,512,0.3046875,156.0,512,0.3046875,156.0,213,0.5,106.5,int16,1.0,0.0,LPS,mm,-1024.0,2042.0,-838.0,2.0,965.0,199417,0,4.6417236328124984e-05,首选空间矩阵行列式,,ec768c4c8b53f532d02aec667158135a2b8cb4858797636880c0643a76df15f5,d21fdb6cce2febcf68368fe870eab0e75127bc10008b5204ed8563b89030bdf6
Case7013,G ct_train,CT,ok,D:\code_project\whole_heart\Wholeheart_Train_Dataset\G ct_train\Case7013_image.nii.gz,D:\code_project\whole_heart\Wholeheart_Train_Dataset\G ct_train\Case7013_label.nii.gz,512,0.330078125,169.0,512,0.330078125,169.0,259,0.5,129.5,int16,1.0,0.0,LPS,mm,-1024.0,3071.0,-1003.0,-3.0,878.0,199693,0,5.447578430175782e-05,首选空间矩阵行列式,,a20afed062695d1617e1ecebd44eb8de54470eb1d2ce741d3f18f6a38872c8a7,ce1cbbd6688d9f3c91b00f6d909afef8ae67892b83c6092ac70c805c9df1b457
Case7014,G ct_train,CT,ok,D:\code_project\whole_heart\Wholeheart_Train_Dataset\G ct_train\Case7014_image.nii.gz,D:\code_project\whole_heart\Wholeheart_Train_Dataset\G ct_train\Case7014_label.nii.gz,512,0.314453125,161.0,512,0.314453125,161.0,213,0.5,106.5,int16,1.0,0.0,LPS,mm,-1024.0,3071.0,-976.0,-82.0,994.0,199417,0,4.944038391113281e-05,首选空间矩阵行列式,,b20657aceb4f00ac1af3f3f2fc9f583eee4a76e396dcb9d5de6555388e4b3d07,b643b31f6eafff8d5eeebe99957b49066f6ede85e3c6fc52e48b9bb3bba616bc
Case7015,G ct_train,CT,ok,D:\code_project\whole_heart\Wholeheart_Train_Dataset\G ct_train\Case7015_image.nii.gz,D:\code_project\whole_heart\Wholeheart_Train_Dataset\G ct_train\Case7015_label.nii.gz,512,0.330078125,169.0,512,0.330078125,169.0,277,0.5,138.5,int16,1.0,0.0,LPS,mm,-1024.0,3071.0,-998.0,-47.0,817.0,199489,0,5.447578430175782e-05,首选空间矩阵行列式,,8b04332bd4f10166b5899dad01d6ebaa96b89756b9beafec3d50ad13cd8a31cc,7bbcee764fd949786de855d88a0347acafe8968cb9e8ea0dbd8d3ad889d2cec1
Case7016,G ct_train,CT,ok,D:\code_project\whole_heart\Wholeheart_Train_Dataset\G ct_train\Case7016_image.nii.gz,D:\code_project\whole_heart\Wholeheart_Train_Dataset\G ct_train\Case7016_label.nii.gz,512,0.322265625,165.0,512,0.322265625,165.0,243,0.5,121.5,int16,1.0,0.0,LPS,mm,-1024.0,3071.0,-1016.0,-76.0,1112.109999999986,199690,0,5.192756652832031e-05,首选空间矩阵行列式,,2d804e20d4082a4a7c975ac0992bcb6ef7cfa5a8bdd60bb78f2822f5ad2e1c85,24cffafd784009c3c553d13afc072c9e09426530bd340a9fded7f0e2f261295e
Case7017,G ct_train,CT,ok,D:\code_project\whole_heart\Wholeheart_Train_Dataset\G ct_train\Case7017_image.nii.gz,D:\code_project\whole_heart\Wholeheart_Train_Dataset\G ct_train\Case7017_label.nii.gz,512,0.400390625,205.0,512,0.400390625,205.0,298,0.5,149.0,int16,1.0,0.0,LPS,mm,-1024.0,3071.0,-1015.0,-62.0,979.0,199793,0,8.015632629394532e-05,首选空间矩阵行列式,,bf235c3e6fe6beede3a947e3bbe753cec22f34e4cd1a09ed7555def02ccea27b,8b990a56050e86d8cd3ab2edc23ef9636f106901ea89f1306307a52ae8ad1388
Case7018,G ct_train,CT,ok,D:\code_project\whole_heart\Wholeheart_Train_Dataset\G ct_train\Case7018_image.nii.gz,D:\code_project\whole_heart\Wholeheart_Train_Dataset\G ct_train\Case7018_label.nii.gz,512,0.421875,216.0,512,0.421875,216.0,359,0.5,179.5,int16,1.0,0.0,LPS,mm,-1024.0,2513.0,-1015.0,-134.0,768.0,199809,0,8.898925781249998e-05,首选空间矩阵行列式,,f8d99877a0a7b86e61438982a63a70c717ecb0ff67974930d293905fee0770c3,2625ab4eac82b268209f563fa060abdf79c516acdfc306c9753ff585f45c9780
Case7019,G ct_train,CT,ok,D:\code_project\whole_heart\Wholeheart_Train_Dataset\G ct_train\Case7019_image.nii.gz,D:\code_project\whole_heart\Wholeheart_Train_Dataset\G ct_train\Case7019_label.nii.gz,512,0.40625,208.0,512,0.40625,208.0,370,0.5,185.0,int16,1.0,0.0,LPS,mm,-1024.0,3071.0,-1014.0,-64.0,715.0,199987,0,8.251953125e-05,首选空间矩阵行列式,,92d9a9163c212a510ed70a9380aca028e5aca4e297ecf89127839ba4d6994054,1a7aec62f9da46d6b0c7b2f65905c2a7a23cc8b0e1ad4441f0820b40ac3c244f
Case7020,G ct_train,CT,ok,D:\code_project\whole_heart\Wholeheart_Train_Dataset\G ct_train\Case7020_image.nii.gz,D:\code_project\whole_heart\Wholeheart_Train_Dataset\G ct_train\Case7020_label.nii.gz,512,0.341796875,175.0,512,0.341796875,175.0,237,0.5,118.5,int16,1.0,0.0,LPS,mm,-1024.0,3071.0,-1014.0,-91.0,969.0,199769,0,5.841255187988281e-05,首选空间矩阵行列式,,94d50b9890972477cbbc120c5c887e79b7827b616a89204f17a37c8b72856a35,04beeeb142565e9dc1babd28c964815c7029843c63204222b0976bcd476eef6d
